,Time,Population 1,Population 2
0,0.0,100.0,200.0
1,1.0,99.00501629375407,199.9900336637501
2,2.0,98.02012739046954,199.96027189919957
3,3.0,97.04542005666742,199.91092623176976
4,4.0,96.08097249004464,199.8422154285664
5,5.0,95.12685454139952,199.75436512134206
6,6.0,94.18312794020811,199.6476074318054
7,7.0,93.2498465232124,199.52218059992182
8,8.0,92.32705646540632,199.37832861581475
9,9.0,91.41479651283043,199.21630085583772
10,10.0,90.51309821661259,199.03635172335166
11,11.0,89.62198616771788,198.83874029470368
12,12.0,88.74147823189826,198.6237299708675
13,13.0,87.87158578435894,198.39158813516892
14,14.0,87.01231394368568,198.14258581748467
15,15.0,86.1636618046039,197.87699736526713
16,16.0,85.32562266916733,197.59510012171398
17,17.0,84.49818427600027,197.2971741113681
18,18.0,83.68132902724365,196.98350173340057
19,19.0,82.87503421288048,196.65436746279886
20,20.0,82.07927223214156,196.31005755965123
21,21.0,81.29401081171672,195.9508597866901
22,22.0,80.51921322052047,195.57706313522868
23,23.0,79.75483848078444,195.18895755959852
24,24.0,79.00084157527088,194.78683372017045
25,25.0,78.25717365042347,194.3709827350168
26,26.0,77.52378221529212,193.94169594025013
27,27.0,76.80061133608872,193.49926465905173
28,28.0,76.08760182624944,193.0439799793831
29,29.0,75.38469143189774,192.57613254035374
30,30.0,74.69181501261937,192.0960123272018
31,31.0,74.00890471747731,191.60390847482591
32,32.0,73.3358901562097,191.10010907979236
33,33.0,72.67269856556926,190.5849010207266
34,34.0,72.01925497077579,190.05856978698506
35,35.0,71.37548234206679,189.52139931549144
36,36.0,70.74130174634332,188.9736718356097
37,37.0,70.11663249391952,188.41566772191754
38,38.0,69.50139228039467,187.84766535473327
39,39.0,68.89549732367668,187.26994098824264
40,40.0,68.29886249619477,186.68276862606393
41,41.0,67.71140145234736,186.08641990408398
42,42.0,67.13302675123893,185.48116398039204
43,43.0,66.56364997476639,184.86726743213413
44,44.0,66.00318184112196,184.2449941591064
45,45.0,65.45153231378497,183.6146052939032
46,46.0,64.90861070608028,182.9763591184325
47,47.0,64.37432578138547,182.33051098661036
48,48.0,63.8485858490727,181.6773132530442
49,49.0,63.33129885627506,181.01701520751408
50,50.0,62.8223724755697,180.34986301506146
51,51.0,62.32171418867288,179.67609966149453
52,52.0,61.82923136624412,178.9959649041207
53,53.0,61.34483134389827,178.3096952275174
54,54.0,60.86842149452565,177.61752380415427
55,55.0,60.39990929702149,176.9196804596815
56,56.0,59.93920240152645,176.21639164270147
57,57.0,59.48620869128033,175.50788039884316
58,58.0,59.04083634119128,174.79436634896152
59,59.0,58.60299387322248,174.07606567128727
60,60.0,58.17259020869799,173.35319108735533
61,61.0,57.74953471762864,172.62595185154382
62,62.0,57.33373726515816,171.89455374405878
63,63.0,56.92510825522864,171.15919906720376
64,64.0,56.52355867156323,170.42008664477677
65,65.0,56.12900011606267,169.67741182444124
66,66.0,55.74134484471078,168.93136648292156
67,67.0,55.360505801082454,168.18213903387763
68,68.0,54.986396647545966,167.42991443831696
69,69.0,54.61893179424975,166.67487421740697
70,70.0,54.258026425981775,165.91719646755433
71,71.0,53.90359652698791,165.15705587762199
72,72.0,53.55555890383354,164.3946237481589
73,73.0,53.21383120639076,163.6300680125216
74,74.0,52.87833194703138,162.86355325977064
75,75.0,52.54898051810389,162.09524075922874
76,76.0,52.22569720777043,161.3252884865923
77,77.0,51.90840321427767,160.5538511514909
78,78.0,51.597020658733356,159.78108022639384
79,79.0,51.29147259645827,159.00712397676668
80,80.0,50.991683026981015,158.23212749238388
81,81.0,50.6975769027411,157.4562327197084
82,82.0,50.40908013656362,156.67957849525143
83,83.0,50.126119607966785,155.90230057983032
84,84.0,49.84862316836143,155.12453169364497
85,85.0,49.57651964519963,154.34640155209743
86,86.0,49.30973884512765,153.56803690228205
87,87.0,49.04821155619625,152.78956156007692
88,88.0,48.791869549179744,152.01109644777077
89,89.0,48.54064557805295,151.23275963216196
90,90.0,48.29447337967369,150.45466636306975
91,91.0,48.0532876727163,149.6769291122006
92,92.0,47.81702415590021,148.8996576123151
93,93.0,47.58561950555551,148.1229588966436
94,94.0,47.359011372566165,147.34693733850187
95,95.0,47.1371383787294,146.5716946910598
96,96.0,46.91994011256867,145.7973301272193
97,97.0,46.707357124635664,145.02394027955947
98,98.0,46.4993309223355,144.25161928030946
99,99.0,46.295803964307716,143.48045880131204
100,100.0,46.096719654394185,142.7105480939424
101,101.0,45.90202233522388,141.94197402894903
102,102.0,45.71165728144285,141.17482113618556
103,103.0,45.52557069261651,140.40917164420418
104,104.0,45.34370968583037,139.64510551968323
105,105.0,45.16602228801358,138.88270050666296
106,106.0,44.99245742800913,138.12203216556546
107,107.0,44.82296492841283,137.3631739119763
108,108.0,44.65749549720252,136.6061970551666
109,109.0,44.49600071917774,135.8511708363363
110,110.0,44.33843304722901,135.09816246656027
111,111.0,44.1847457934551,134.34723716442042
112,112.0,44.034893120145504,133.5984581933086
113,113.0,43.88883003064464,132.8518868983854
114,114.0,43.74651236011324,132.10758274318226
115,115.0,43.60789676620175,131.3656033458345
116,116.0,43.47294071964954,130.62600451493432
117,117.0,43.3416024948233,129.88884028499402
118,118.0,43.21384116020674,129.15416295151
119,119.0,43.08961656885364,128.4220231056198
120,120.0,42.96888934881509,127.69246966834473
121,121.0,42.851620893551356,126.96554992441176
122,122.0,42.73777335233826,126.24130955564883
123,123.0,42.627309620677146,125.51979267394891
124,124.0,42.520193330717134,124.80104185379848
125,125.0,42.41638884169773,124.08509816436677
126,126.0,42.315861230419394,123.37200120115305
127,127.0,42.2185762817491,122.66178911718949
128,128.0,42.12450047916756,121.95449865379774
129,129.0,42.033600995364225,121.25016517089828
130,130.0,41.945845682885874,120.5488226768714
131,131.0,41.86120306484403,119.8505038579698
132,132.0,41.779642325686225,119.15524010728286
133,133.0,41.701133302035714,118.46306155325316
134,134.0,41.62564647360373,117.77399708774611
135,135.0,41.553152954178344,117.08807439367426
136,136.0,41.483624482693386,116.40531997217761
137,137.0,41.41703341438077,115.72575916936208
138,138.0,41.353352712009176,115.04941620259847
139,139.0,41.29255593721186,114.37631418638422
140,140.0,41.234617241905966,113.70647515777104
141,141.0,41.17951135980565,113.03992010136115
142,142.0,41.12721359803099,112.37666897387567
143,143.0,41.077699828814374,111.71674072829848
144,144.0,41.030946481306046,111.06015333759909
145,145.0,40.98693053348011,110.40692381803862
146,146.0,40.94562950414219,109.75706825206254
147,147.0,40.9070214450397,109.11060181078456
148,148.0,40.871084933075764,108.46753877606581
149,149.0,40.83779906262718,107.8278925621936
150,150.0,40.80714343796725,107.19167573716443
151,151.0,40.77909816579372,106.55890004357568
152,152.0,40.75364384786217,105.92957641913067
153,153.0,40.73076157372498,105.30371501676191
154,154.0,40.71043291357596,104.68132522437725
155,155.0,40.6926399112005,104.06241568423377
156,156.0,40.67736507703123,103.44699431194456
157,157.0,40.664591381308725,102.83506831512304
158,158.0,40.65430224734704,102.22664421166995
159,159.0,40.64648154490367,101.62172784770817
160,160.0,40.641113583653336,101.02032441517012
161,161.0,40.63818310676506,100.4224384690431
162,162.0,40.63767528458194,99.82807394427735
163,163.0,40.639575708402816,99.23723417236222
164,164.0,40.64387038436517,98.64992189757523
165,165.0,40.65054572742839,98.06613929290921
166,166.0,40.6595885554565,97.48588797568272
167,167.0,40.670986083399605,96.9091690228384
168,168.0,40.684725917572834,96.3359829859348
169,169.0,40.7007960500321,95.76632990583619
170,170.0,40.71918485304541,95.20020932710565
171,171.0,40.7398810736588,94.63762031210632
172,172.0,40.762873828355765,94.0785614548156
173,173.0,40.78815259780911,93.52303089435736
174,174.0,40.81570722172404,92.97102632825693
175,175.0,40.84552789377138,92.42254502542357
176,176.0,40.877605156609725,91.87758383886549
177,177.0,40.91192989699532,91.33613921814174
178,178.0,40.94849334097853,90.79820722155603
179,179.0,40.987287049185596,90.26378352809682
180,180.0,41.028302912184515,89.73286344912853
181,181.0,41.071533145933735,89.20544193983817
182,182.0,41.11697028731253,88.68151361044202
183,183.0,41.16460718973169,88.16107273715686
184,184.0,41.214437018823304,87.64411327293985
185,185.0,41.26645324820842,87.13062885800183
186,186.0,41.320649655341285,86.6206128300979
187,187.0,41.377020317428844,86.11405823459978
188,188.0,41.43555960742435,85.61095783435405
189,189.0,41.49626219009372,85.11130411933034
190,190.0,41.559123018153386,84.61508931606362
191,191.0,41.624137328478476,84.12230539689449
192,192.0,41.6913006383799,83.63294408901159
193,193.0,41.760608741949255,83.14699688329982
194,194.0,41.832057706470145,82.66445504299844
195,195.0,41.905643868894806,82.18530961217262
196,196.0,41.98136383238471,81.70955142400231
197,197.0,42.05921446291392,81.23717110889214
198,198.0,42.13919288593401,80.7681591024058
199,199.0,42.22129648309927,80.30250565302865
200,200.0,42.30552288905107,79.84020082976193
201,201.0,42.391869988260005,79.38123452955219
202,202.0,42.48033591192489,78.92559648455916
203,203.0,42.5709190349271,78.47327626926555
204,204.0,42.66361797283935,78.02426330743201
205,205.0,42.758431578987505,77.57854687890051
206,206.0,42.85535894156448,77.13611612624938
207,207.0,42.954399380794854,76.69696006130303
208,208.0,43.05555244614919,76.26106757149961
209,209.0,43.15881791360689,75.82842742611949
210,210.0,43.2641957829664,75.39902828237766
211,211.0,43.3716862752017,74.97285869138288
212,212.0,43.48128982986394,74.54990710396665
213,213.0,43.59300710252713,74.13016187638458
214,214.0,43.70683896227673,73.71361127589327
215,215.0,43.8227864892401,73.30024348620515
216,216.0,43.94085097215778,72.89004661282415
217,217.0,44.06103390599437,72.48300868826483
218,218.0,44.183336989588106,72.07911767715758
219,219.0,44.30776212333799,71.67836148124236
220,220.0,44.43431140692742,71.2807279442537
221,221.0,44.56298713708335,70.8862048566992
222,222.0,44.69379180536984,70.49477996053415
223,223.0,44.82672809601509,70.1064409537346
224,224.0,44.961798883770804,69.72117549477124
225,225.0,45.09900723180301,69.33897120698627
226,226.0,45.23835638961321,68.95981568287581
227,227.0,45.37984979098898,68.58369648827986
228,228.0,45.52349105198288,68.21060116648202
229,229.0,45.66928396891886,67.84051724222128
230,230.0,45.81723251642502,67.47343222561778
231,231.0,45.967340845491876,67.10933361601482
232,232.0,46.11961328155506,66.748208905739
233,233.0,46.2740543226016,66.3900455837807
234,234.0,46.430668637298716,66.03483113939666
235,235.0,46.589461063144235,65.68255306563672
236,236.0,46.75043660463766,65.33319886279669
237,237.0,46.913600431471,64.98675604179904
238,238.0,47.07895787673824,64.64321212750346
239,239.0,47.2465144351628,64.30255466194895
240,240.0,47.41627576134181,63.964771207529346
241,241.0,47.5882476680063,63.629849350103946
242,242.0,47.762436124296514,63.29777670204496
243,243.0,47.93884725405129,62.968540905223605
244,244.0,48.1174873341106,62.642129633936314
245,245.0,48.29836279263037,62.31853059777289
246,246.0,48.48148020740861,61.997731544428106
247,247.0,48.66684630422196,61.679720262458375
248,248.0,48.854467955171756,61.36448458398504
249,249.0,49.04435217703858,61.05201238734585
250,250.0,49.23650612964454,60.74229159969609
251,251.0,49.43093711422222,60.4353101995609
252,252.0,49.62765257178944,60.13105621934024
253,253.0,49.82666008152893,59.82951774776787
254,254.0,50.02796735917186,59.53068293232593
255,255.0,50.23158225538452,59.23453998161633
256,256.0,50.43751275415696,58.941077167690466
257,257.0,50.645766971192934,58.650282828338575
258,258.0,50.856353152299924,58.36214536934003
259,259.0,51.06927967177858,58.076653266675955
260,260.0,51.28455503081043,57.79379506870547
261,261.0,51.50218785584302,57.51355939830674
262,262.0,51.72218689697151,57.2359349549842
263,263.0,51.944561026315746,56.96091051694321
264,264.0,52.16931923639191,56.688474943133244
265,265.0,52.39647063847767,56.41861717526099
266,266.0,52.62602446097004,56.15132623977445
267,267.0,52.85799004773472,55.88659124981923
268,268.0,53.09237685644621,55.62440140716827
269,269.0,53.329194456917485,55.36474600412604
270,270.0,53.56845252941834,55.107614425408464
271,271.0,53.81016086298136,54.85299614999964
272,272.0,54.05432935369456,54.600880752986455
273,273.0,54.30096800297955,54.35125790737222
274,274.0,54.55008691585431,54.10411738587044
275,275.0,54.801696299179476,53.85944906267972
276,276.0,55.0558064598871,53.61724291524099
277,277.0,55.312427803190786,53.37748902597795
278,278.0,55.57157083077616,53.14017758402195
279,279.0,55.833246138970615,52.90529888692219
280,280.0,56.09746441689114,52.6728433423424
281,281.0,56.364236444569215,52.44280146974489
282,282.0,56.633573091051595,52.21516390206311
283,283.0,56.905485312475875,51.98992138736356
284,284.0,57.179984150119665,51.76706479049824
285,285.0,57.457080728422206,51.54658509474845
286,286.0,57.73678625297728,51.328473403461025
287,287.0,58.01911200849619,51.112720941677935
288,288.0,58.304069356739575,50.89931905776023
289,289.0,58.59166973441694,50.68825922500727
290,290.0,58.88192465105248,50.479533043272255
291,291.0,59.17484568681613,50.273132240574924
292,292.0,59.470444490318414,50.069048674712434
293,293.0,59.7687327763679,49.867274334869336
294,294.0,60.06972232368983,49.66780134322756
295,295.0,60.37342497260476,49.47062195657742
296,296.0,60.67985262266565,49.27572856793049
297,297.0,60.989017230252216,49.08311370813535
298,298.0,61.30093080612104,48.892770047497024
299,299.0,61.61560541291001,48.70469039740119
300,300.0,61.93305316259577,48.51886771194395
301,301.0,62.25328621390256,48.33529508956816
302,302.0,62.5763167696611,48.15396577470721
303,303.0,62.90215707411588,47.974873159437145
304,304.0,63.23081941017948,47.79801078513817
305,305.0,63.5623160966322,47.62337234416628
306,306.0,63.89665948526553,47.45095168153611
307,307.0,64.23386195796779,47.28074279661582
308,308.0,64.57393592375037,47.11273984483495
309,309.0,64.91689381571278,46.94693713940623
310,310.0,65.26274808794501,46.78332915306221
311,311.0,65.61151121236531,46.621910519807685
312,312.0,65.9631956754917,46.46267603668878
313,313.0,66.31781397514547,46.305620665579724
314,314.0,66.67537861708479,46.150739534988205
315,315.0,67.0359021115667,45.998027941880174
316,316.0,67.39939696983544,45.847481353525204
317,317.0,67.76587570053539,45.69909540936322
318,318.0,68.13535080604659,45.552865922893574
319,319.0,68.50783477874087,45.408788883587505
320,320.0,68.88334009715662,45.26686045882483
321,321.0,69.26187922209012,45.12707699585594
322,322.0,69.64346459260139,44.98943502378996
323,323.0,70.0281086219325,44.85393125561021
324,324.0,70.41582369333601,44.72056259021778
325,325.0,70.80662215581154,44.5893261145043
326,326.0,71.20051631974817,44.46021910545496
327,327.0,71.59751845247044,44.33323903228261
328,328.0,71.99764077368553,44.20838355859416
329,329.0,72.40089545082951,44.085650544590095
330,330.0,72.80729459430998,43.96503804929832
331,331.0,73.21685025264293,43.84654433284323
332,332.0,73.6295744074812,43.73016785875106
333,333.0,74.04547896853208,43.61590729629267
334,334.0,74.46457576836151,43.50376152286468
335,335.0,74.88687655708222,43.39372962641013
336,336.0,75.31239299692322,43.28581090787963
337,337.0,75.74113665667798,43.18000488373422
338,338.0,76.1731190060284,43.076311288490885
339,339.0,76.60835140974201,42.97473007731189
340,340.0,77.04684512173942,42.875261428639085
341,341.0,77.48861127902913,42.7779057468742
342,342.0,77.93366089550688,42.68266366510629
343,343.0,78.38200485561647,42.58953604788755
344,344.0,78.83365390786908,42.49852399405844
345,345.0,79.28861865821789,42.409628839623494
346,346.0,79.74690956328507,42.32285216067881
347,347.0,80.20853692343778,42.23819577639248
348,348.0,80.67351087571002,42.15566175203903
349,349.0,81.14184138656705,42.075252402089205
350,350.0,81.61353824450902,41.996970293356156
351,351.0,82.08861105251039,41.92081824819928
352,352.0,82.56706922029177,41.846799347786934
353,353.0,83.0489219564206,41.77491693541917
354,354.0,83.53417826023714,41.705174619911844
355,355.0,84.02284691360218,41.63757627904316
356,356.0,84.5149364724628,41.572126063064
357,357.0,85.01045525823235,41.508828398273245
358,358.0,85.50941134898117,41.44768799065935
359,359.0,86.01181257043373,41.38870982960934
360,360.0,86.51766648676885,41.331899191686645
361,361.0,87.02698039121861,41.277261644478834
362,362.0,87.5397612964623,41.22480305051669
363,363.0,88.05601592481099,41.17452957126576
364,364.0,88.57575069817898,41.1264476711917
365,365.0,89.09897172783771,41.080564121900714
366,366.0,89.62568480394805,41.03688600635626
367,367.0,90.1558953848666,40.995420723173396
368,368.0,90.68960858622171,40.95617599099191
369,369.0,91.22682916975494,40.91915985292962
370,370.0,91.76756153192335,40.88438068111699
371,371.0,92.3118096922583,40.851847181314376
372,372.0,92.85957728147609,40.821568397613134
373,373.0,93.41086752933603,40.793553717221734
374,374.0,93.96568325224112,40.767812875338265
375,375.0,94.52402684057684,40.74435596011039
376,376.0,95.08590024578322,40.72319341768401
377,377.0,95.65130496715548,40.704336057341806
378,378.0,96.22024203836841,40.68779505673282
379,379.0,96.79271201371971,40.673581967194174
380,380.0,97.36871495408728,40.66170871916615
381,381.0,97.94825041259575,40.652187627701544
382,382.0,98.53131741998713,40.64503139807053
383,383.0,99.11791446969067,40.64025313146195
384,384.0,99.70803950258698,40.637866330782074
385,385.0,100.30168989146128,40.63788490655177
386,386.0,100.8988624251409,40.640323182903
387,387.0,101.49955329231182,40.64519590367556
388,388.0,102.10375806500923,40.65251823861474
389,389.0,102.71147168177717,40.662305789670945
390,390.0,103.32268843049194,40.67457459740168
391,391.0,103.93740193084439,40.689341147476796
392,392.0,104.555605116476,40.70662237728746
393,393.0,105.17729021676365,40.726435682659414
394,394.0,105.80244873824807,40.74879892467097
395,395.0,106.43107144570102,40.773730436576066
396,396.0,107.06314834282614,40.8012490308327
397,397.0,107.69866865258864,40.831374006236906
398,398.0,108.3376207971689,40.86412515516238
399,399.0,108.97999237753515,40.899522770905676
400,400.0,109.62577015263057,40.937587655136944
401,401.0,110.2749400181699,40.97834112545583
402,402.0,110.9274869850413,41.02180502305224
403,403.0,111.58339515730866,41.06800172047145
404,404.0,112.2426477098101,41.11695412948287
405,405.0,112.90522686534842,41.168685709051644
406,406.0,113.57111387146922,41.22322047341215
407,407.0,114.2402889768228,41.280583000242196
408,408.0,114.91273140710592,41.34079843893665
409,409.0,115.58841934057985,41.40389251897893
410,410.0,116.26732988316095,41.469891558408584
411,411.0,116.94943904308086,41.538822472383174
412,412.0,117.63472170511287,41.61071278183208
413,413.0,118.32315160436183,41.685590622199975
414,414.0,119.01470129961496,41.76348475227726
415,415.0,119.70934214625122,41.84442456311443
416,416.0,120.40704426870717,41.92844008701734
417,417.0,121.1077765324977,42.01556200661968
418,418.0,121.81150651579014,42.10582166402889
419,419.0,122.51820048053088,42.199251070041406
420,420.0,123.22782334312359,42.29588291342267
421,421.0,123.9403386446591,42.39575057024706
422,422.0,124.65570852069696,42.49888811329243
423,423.0,125.37389367059932,42.605330321483756
424,424.0,126.09485332641844,42.71511268937959
425,425.0,126.81854522133936,42.828271436694976
426,426.0,127.54492555767992,42.9448435178538
427,427.0,128.27394897445106,43.06486663156299
428,428.0,129.00556851448079,43.1883792304008
429,429.0,129.7397355911058,43.31542053041038
430,430.0,130.47639995443575,43.44603052068982
431,431.0,131.21550965719524,43.58024997296882
432,432.0,131.95701102015036,43.718120451161795
433,433.0,132.7008485971264,43.85968432088646
434,434.0,133.44696513962498,44.004984758936324
435,435.0,134.19530156104923,44.15406576269484
436,436.0,134.94579690054684,44.30697215947816
437,437.0,135.69838828648193,44.463749615792686
438,438.0,136.45301089954748,44.624444646493004
439,439.0,137.209597935531,44.78910462382463
440,440.0,137.96808056774805,44.95777778633546
441,441.0,138.72838790915827,45.13051324763873
442,442.0,139.49044697418117,45.3073610050094
443,443.0,140.25418264022875,45.48837194779496
444,444.0,141.019517608975,45.67359786562067
445,445.0,141.78637236738248,45.863091456368
446,446.0,142.55466514850835,46.05690633390423
447,447.0,143.32431189211363,46.25509703553996
448,448.0,144.0952262051013,46.45771902918992
449,449.0,144.86731932181016,46.664828720211545
450,450.0,145.64050006419353,46.87648345789446
451,451.0,146.4146748019137,47.09274154157251
452,452.0,147.18974741238463,47.31366222632898
453,453.0,147.96561924079813,47.53930572826404
454,454.0,148.74218906016975,47.76973322929206
455,455.0,149.5193530314441,48.00500688143505
456,456.0,150.29700466370045,48.245189810576946
457,457.0,151.07503477450248,48.490346119641835
458,458.0,151.85333145043813,48.74054089115771
459,459.0,152.6317800078982,48.99584018916564
460,460.0,153.41026295414474,49.25631106043261
461,461.0,154.18865994872348,49.52202153492444
462,462.0,154.9668477652763,49.79304062549366
463,463.0,155.7447002538138,50.06943832673501
464,464.0,156.52208830351003,50.35128561295988
465,465.0,157.29887980608504,50.638654435238635
466,466.0,158.07493961984358,50.931617717458195
467,467.0,158.85012953444203,51.23024935134004
468,468.0,159.62430823645846,51.53462419036201
469,469.0,160.39733127584407,51.84481804252502
470,470.0,161.1690510333383,52.16090766190402
471,471.0,161.93931668893268,52.482970738920194
472,472.0,162.7079741914726,52.8110858892695
473,473.0,163.4748662294897,53.14533264144037
474,474.0,164.23983220336123,53.485791422751454
475,475.0,165.0027081988969,53.83254354383796
476,476.0,165.76332696245697,54.18567118151313
477,477.0,166.52151787771024,54.545257359929316
478,478.0,167.27710694414336,54.91138592996083
479,479.0,168.029916757438,55.2841415467288
480,480.0,168.77976649183597,55.663609645186156
481,481.0,169.52647188461629,56.04987641367884
482,482.0,170.26984522281282,56.443028765397244
483,483.0,171.00969533230466,56.84315430763017
484,484.0,171.74582756941606,57.250341308731514
485,485.0,172.47804381516625,57.66467866270819
486,486.0,173.20614247231404,58.08625585133613
487,487.0,173.92991846534588,58.51516290370947
488,488.0,174.6491632435598,58.95149035312672
489,489.0,175.36366478740206,59.39532919121619
490,490.0,176.07320761821657,59.84677081920178
491,491.0,176.77757281157122,60.30590699620926
492,492.0,177.47653801432847,60.772829784512204
493,493.0,178.1698774656313,61.24763149161603
494,494.0,178.85736202197842,61.73040460907823
495,495.0,179.53875918656627,62.22124174796254
496,496.0,180.21383314307712,62.720235570824876
497,497.0,180.88234479409635,63.22747872012916
498,498.0,181.54405180434327,63.74306374299161
499,499.0,182.19870864890237,64.26708301215322
500,500.0,182.84606666664317,64.79962864308122
501,501.0,183.4858741190184,65.34079240710194
502,502.0,184.11787625443066,65.8906656404697
503,503.0,184.7418153783586,66.44933914927847
504,504.0,185.35743092943352,67.01690311012626
505,505.0,185.96445956165599,67.59344696644544
506,506.0,186.56263523294223,68.17905932041577
507,507.0,187.1516893001873,68.773827820382
508,508.0,187.73135062103006,69.37783904370193
509,509.0,188.30134566250229,69.99117837495729
510,510.0,188.86139861673985,70.6139298794652
511,511.0,189.41123152393035,71.24617617203522
512,512.0,189.95056440266546,71.8879982809242
513,513.0,190.4791153878609,72.53947550694951
514,514.0,190.99660087639967,73.20068527773003
515,515.0,191.50273568064617,73.8717029970336
516,516.0,191.99723318997064,74.55260188922067
517,517.0,192.47980554041274,75.24345283878446
518,518.0,192.95016379260304,75.94432422500024
519,519.0,193.40801811804877,76.65528175170908
520,520.0,193.8530779938775,77.37638827227516
521,521.0,194.28505240611804,78.10770360977027
522,522.0,194.7036500615828,78.84928437245424
523,523.0,195.10857960839922,79.60118376463686
524,524.0,195.49954986522016,80.36345139302344
525,525.0,195.8762700591244,81.13613306866453
526,526.0,196.23845007219805,81.91927060464914
527,527.0,196.58580069676603,82.71290160970041
528,528.0,196.91803389922083,83.51705927785353
529,529.0,197.23486309237072,84.33177217441686
530,530.0,197.53600341620535,85.15706401843946
531,531.0,197.82117202694948,85.99295346193149
532,532.0,198.09008839424857,86.83945386610709
533,533.0,198.34247460630033,87.69657307494408
534,534.0,198.57805568271715,88.5643131863797
535,535.0,198.7965598948725,89.44267032148687
536,536.0,198.99771909345276,90.33163439200173
537,537.0,199.1812690429023,91.23118886659935
538,538.0,199.3469497624162,92.14131053634115
539,539.0,199.49450587309954,93.06196927974456
540,540.0,199.62368695087727,93.99312782795225
541,541.0,199.73424788470152,94.93474153050524
542,542.0,199.82594923956776,95.88675812225102
543,543.0,199.89855762381325,96.84911749194433
544,544.0,199.95184606013441,97.821751453124
545,545.0,199.98559435972243,98.80458351787546
546,546.0,199.99958949887892,99.7975286741125
547,547.0,199.99362599743716,100.8004931670363
548,548.0,199.96750629827727,101.81337428545234
549,549.0,199.92104114718845,102.8360601536476
550,550.0,199.85404997229622,103.86842952955001
551,551.0,199.76636126223897,104.91035160991154
552,552.0,199.65781294224527,105.96168584327215
553,553.0,199.5282527472329,107.02228175147704
554,554.0,199.37753859102077,108.0919787605321
555,555.0,199.2055389307182,109.17060604159222
556,556.0,199.0121331253307,110.25798236288504
557,557.0,198.79721178759894,111.35391595337721
558,558.0,198.5606771280682,112.45820437899187
559,559.0,198.30244329036822,113.570634432185
560,560.0,198.0224366766703,114.6909820356832
561,561.0,197.72059626227824,115.81901216117735
562,562.0,197.39687389830266,116.95447876375474
563,563.0,197.0512346013669,118.09712473283665
564,564.0,196.68365682929266,119.24668186036868
565,565.0,196.29413274172032,120.40287082698767
566,566.0,195.8826684446288,121.56540120686128
567,567.0,195.449284217734,122.73397149186474
568,568.0,194.99401472376522,123.90826913572286
569,569.0,194.5169091986422,125.08797061870568
570,570.0,194.01803162160536,126.27274153342121
571,571.0,193.49746086438552,127.46223669220055
572,572.0,192.95529081853823,128.65610025651782
573,573.0,192.39163050011243,129.8539658888306
574,574.0,191.80660413087134,131.05545692716612
575,575.0,191.20035119533802,132.26018658271417
576,576.0,190.57302647299582,133.46775816061998
577,577.0,189.9248000450378,134.67776530409904
578,578.0,189.25585727512595,135.88979226192185
579,579.0,188.56639876369357,137.1034141792397
580,580.0,187.85664027539946,138.31819741164327
581,581.0,187.1268126394221,139.53369986226403
582,582.0,186.37716162236467,140.74947134164597
583,583.0,185.60794777362787,141.96505395002978
584,584.0,184.81944624319559,143.17998248160688
585,585.0,184.01194657186954,144.3937848502145
586,586.0,183.18575245408098,145.6059825358568
587,587.0,182.341181473502,146.81609105135223
588,588.0,181.478564811773,148.02362042832175
589,589.0,180.59824693075862,149.22807572165073
590,590.0,179.7005852288385,150.4289575314746
591,591.0,178.78594967183432,151.625762541661
592,592.0,177.8547223992669,152.81798407368427
593,593.0,176.90729730672874,154.0051126547161
594,594.0,175.94407960524626,155.18663659868756
595,595.0,174.96548535859247,156.36204259901328
596,596.0,173.97194099959327,157.53081633160926
597,597.0,172.96388282655008,158.69244306678127
598,598.0,171.94175648097632,159.846408288512
599,599.0,170.9060164079151,160.99219831963285
600,600.0,169.85712530017076,162.12930095132842
601,601.0,168.7955535278461,163.2572060753932
602,602.0,167.72177855463067,164.37540631763522
603,603.0,166.63628434233289,165.4833976708058
604,604.0,165.53956074518908,166.58068012542503
605,605.0,164.4321028955172,167.66675829687037
606,606.0,163.31441058230908,168.74114204710096
607,607.0,162.18698762437586,169.80334709940246
608,608.0,161.05034123967354,170.85289564455698
609,609.0,159.90498141244086,171.88931693686928
610,610.0,158.75142025978045,172.91214787851376
611,611.0,157.59017139930492,173.9209335907076
612,612.0,156.42174931945354,174.9152279702619
613,613.0,155.24666875406203,175.8945942301162
614,614.0,154.06544406273864,176.85860542252072
615,615.0,152.8785886185629,177.80684494359505
616,616.0,151.68661420458102,178.73890701806275
617,617.0,150.49003042052377,179.65439716303467
618,618.0,149.2893441011182,180.55293262979396
619,619.0,148.08505874730542,181.43414282261764
620,620.0,146.87767397161295,182.297669693756
621,621.0,145.66768495886106,183.14316811377998
622,622.0,144.4555819433112,183.97030621659772
623,623.0,143.24184970328778,184.77876571853466
624,624.0,142.0269670742272,185.5682422109652
625,625.0,140.8114064810254,186.33844542607955
626,626.0,139.59563349047377,187.08909947546383
627,627.0,138.38010638448768,187.81994306126643
628,628.0,137.16527575474652,188.53072965981747
629,629.0,135.9515841192788,189.2212276776609
630,630.0,134.73946556143946,189.8912205800492
631,631.0,133.52934539164093,190.54050699203992
632,632.0,132.32163983211558,191.16890077241806
633,633.0,131.11675572490287,191.7762310607528
634,634.0,129.9150902631743,192.36234229797535
635,635.0,128.71703074592844,192.92709422094117
636,636.0,127.5229543560123,193.470361831512
637,637.0,126.33322796135072,193.99203534076037
638,638.0,125.14820793919367,194.49202008896305
639,639.0,123.96824002312454,194.97023644210861
640,640.0,122.79365917250678,195.42661966569804
641,641.0,121.62478946398652,195.86111977666656
642,642.0,120.46194400461127,196.2737013742995
643,643.0,119.30542486607239,196.66434345105378
644,644.0,118.15552303952968,197.0330391842312
645,645.0,117.01251841043258,197.3797957094791
646,646.0,115.87667975271108,197.70463387711834
647,647.0,114.74826474167423,198.00758799231815
648,648.0,113.62751998492122,198.2887055401528
649,649.0,112.51468107054282,198.54804689658465
650,650.0,111.40997263186674,198.78568502642494
651,651.0,110.31360842798097,199.00170516932457
652,652.0,109.22579143925327,199.19620451484522
653,653.0,108.14671397705276,199.3692918676549
654,654.0,107.07655780687122,199.5210873038815
655,655.0,106.01549428403715,199.65172181964513
656,656.0,104.96368450121324,199.7613369727732
657,657.0,103.92127944687043,199.8500845186823
658,658.0,102.8884201739356,199.9181260413892
659,659.0,101.86523797781763,199.96563258058754
660,660.0,100.85185458302644,199.99278425570083
661,661.0,99.84838233761208,199.99976988779198
662,662.0,98.85492441466536,199.98678662017988
663,663.0,97.8715750201384,199.95403953858002
664,664.0,96.8984196062615,199.9017412915533
665,665.0,95.93553508985336,199.8301117120116
666,666.0,94.98299007484249,199.73937744049346
667,667.0,94.0408450783411,199.6297715508865
668,668.0,93.10915275963606,199.50153317923616
669,669.0,92.18795815148655,199.35490715624405
670,670.0,91.27729889314347,199.19014364402057
671,671.0,90.37720546453144,199.00749777762027
672,672.0,89.48770142106137,198.80722931185116
673,673.0,88.60880362856737,198.58960227381186
674,674.0,87.74052249788977,198.35488462157545
675,675.0,86.88286221865205,198.1033479094019
676,676.0,86.03582099180692,197.83526695982744
677,677.0,85.19939126055314,197.550919542944
678,678.0,84.37355993925136,197.25058606314934
679,679.0,83.55830863999267,196.9345492536161
680,680.0,82.75361389649973,196.6030938786968
681,681.0,81.95944738506483,196.25650644445167
682,682.0,81.17577614225395,195.89507491745763
683,683.0,80.40256277912913,195.5190884520284
684,684.0,79.63976569176499,195.1288371259498
685,685.0,78.88733926785719,194.72461168480868
686,686.0,78.14523408924192,194.30670329497002
687,687.0,77.41339713016662,193.87540330523373
688,688.0,76.6917719511713,193.43100301718167
689,689.0,75.98029888845954,192.97379346420462
690,690.0,75.27891523865532,192.50406519918033
691,691.0,74.5875554388601,192.0221080907559
692,692.0,73.90615124194005,191.52821112817082
693,693.0,73.23463188698928,191.02266223454268
694,694.0,72.57292426492904,190.50574808852193
695,695.0,71.92095307921724,189.97775395421033
696,696.0,71.2786410016547,189.43896351922504
697,697.0,70.6459088232873,188.8896587407796
698,698.0,70.02267560041386,188.3301196996432
699,699.0,69.40885879572058,187.76062446183116
700,700.0,68.80437441457181,187.18144894787065
701,701.0,68.20913713649665,186.59286680948009
702,702.0,67.62306044191834,185.99514931349333
703,703.0,67.04605673418149,185.38856523285511
704,704.0,66.47803745693848,184.77338074450978
705,705.0,65.91891320696307,184.1498593340011
706,706.0,65.36859384246442,183.51826170659842
707,707.0,64.8269885869799,182.87884570476214
708,708.0,64.29400612892938,182.2318662317589
709,709.0,63.76955471691783,181.57757518123682
710,710.0,63.25354225087596,180.9162213725702
711,711.0,62.745876369132105,180.248050491782
712,712.0,62.246464531510604,179.57330503785494
713,713.0,61.75521409855416,178.89222427424014
714,714.0,61.272032406969245,178.2050441853763
715,715.0,60.79682684139489,177.5119974380317
716,716.0,60.32950490259618,176.81331334728446
717,717.0,59.86997427218428,176.10921784695873
718,718.0,59.41814287396522,175.39993346433616
719,719.0,58.97391893201967,174.68567929896602
720,720.0,58.537211025615605,173.96667100539926
721,721.0,58.10792814105552,173.2431207796755
722,722.0,57.68597972055893,172.51523734939536
723,723.0,57.2712757082803,171.78322596721392
724,724.0,56.863726593561076,171.0472884075948
725,725.0,56.46324345151387,170.3076229666682
726,726.0,56.06973798103489,169.56442446503993
727,727.0,55.68312254033971,168.81788425340275
728,728.0,55.30331018011551,168.0681902208049
729,729.0,54.93021467438148,167.31552680543513
730,730.0,54.56375054914718,166.56007500778753
731,731.0,54.2038331089567,165.80201240607337
732,732.0,53.85037846140476,165.04151317375147
733,733.0,53.50330353970867,164.2787480990527
734,734.0,53.16252612341816,163.51388460637827
735,735.0,52.827964857343055,162.74708677945543
736,736.0,52.49953926877652,161.97851538613827
737,737.0,52.17716978308974,161.20832790474563
738,738.0,51.860777737771436,160.43667855183133
739,739.0,51.5502853949839,159.66371831128657
740,740.0,51.245615952704675,158.88959496467777
741,741.0,50.94669355452121,158.1144531227269
742,742.0,50.653443298143536,157.3384342578451
743,743.0,50.36579124269796,156.5616767376341
744,744.0,50.0836644148627,155.7843158592731
745,745.0,49.806990813904335,155.00648388471302
746,746.0,49.53569941567183,154.2283100766022
747,747.0,49.26972017560308,153.44992073487225
748,748.0,49.00898403079675,152.67143923391492
749,749.0,48.75342290120043,151.89298606028453
750,750.0,48.50296968996401,151.1146788508634
751,751.0,48.25755828300565,150.33663243143067
752,752.0,48.01712354783556,149.5589588555774
753,753.0,47.78160133168131,148.78176744391473
754,754.0,47.55092845895639,148.00516482352288
755,755.0,47.32504272811239,147.22925496759294
756,756.0,47.10388290791313,146.454139235215
757,757.0,46.88738873316784,145.67991641126872
758,758.0,46.67550089995866,144.9066827463754
759,759.0,46.46816106039636,144.13453199687166
760,760.0,46.2653118169367,143.36355546476847
761,761.0,46.06689671628833,142.59384203766015
762,762.0,45.872860242941904,141.8254782285507
763,763.0,45.6831478123486,141.05854821556653
764,764.0,45.49770576377509,140.29313388152642
765,765.0,45.31648135286055,139.52931485334153
766,766.0,45.139422743900376,138.7671685412201
767,767.0,44.966479001879826,138.00677017765244
768,768.0,44.79760008427985,137.24819285615467
769,769.0,44.63273683267625,136.49150756974961
770,770.0,44.4718409641523,135.7367832491661
771,771.0,44.314865062543795,134.98408680073854
772,772.0,44.16176256953478,134.23348314399007
773,773.0,44.01248777562105,133.485035248884
774,774.0,43.86699581095775,132.7388041727295
775,775.0,43.725242636106515,131.99484909672827
776,776.0,43.58718503269671,131.25322736215077
777,777.0,43.45278059401461,130.51399450613056
778,778.0,43.321987715533595,129.77720429706753
779,779.0,43.194765585397576,129.04290876963069
780,780.0,43.07107417486942,128.31115825935274
781,781.0,42.950874228755204,127.58200143680932
782,782.0,42.83412725581465,126.8554853413764
783,783.0,42.720795519167446,126.13165541456054
784,784.0,42.61084202670455,125.41055553289715
785,785.0,42.504230521513044,124.69222804041242
786,786.0,42.400925472322456,123.97671378064575
787,787.0,42.30089206398025,123.26405212822975
788,788.0,42.204096187963266,122.55428102002543
789,789.0,42.110504432931805,121.84743698581106
790,790.0,42.02008407533242,121.14355517852346
791,791.0,41.93280307005507,120.44266940405097
792,792.0,41.848630041149946,119.74481215057807
793,793.0,41.76753427260883,119.05001461748154
794,794.0,41.6894856992155,118.35830674377918
795,795.0,41.614454897469464,117.66971723613183
796,796.0,41.542413076586655,116.98427359640007
797,797.0,41.47333206958085,116.30200214875744
798,798.0,41.407184324428904,115.62292806636204
799,799.0,41.34394289532279,114.94707539758899
800,800.0,41.28358143401111,114.27446709182615
801,801.0,41.22607418123256,113.60512502483604
802,802.0,41.171395958243416,112.93907002368701
803,803.0,41.11952215844114,112.27632189125696
804,804.0,41.070428739085756,111.61689943031304
805,805.0,41.02409221312048,110.96082046717112
806,806.0,40.98048964109315,110.30810187493867
807,807.0,40.939598623179336,109.65875959634535
808,808.0,40.90139729130834,109.01280866616507
809,809.0,40.86586430139282,108.37026323323423
810,810.0,40.83297882566265,107.73113658207006
811,811.0,40.80272054510368,107.09544115409408
812,812.0,40.77506964200166,106.46318856846466
813,813.0,40.75000679259163,105.83438964252399
814,814.0,40.72751315981292,105.20905441186368
815,815.0,40.707570386169834,104.58719215001419
816,816.0,40.69016058669778,103.96881138776271
817,817.0,40.67526634203489,103.35391993210456
818,818.0,40.66287069159866,102.74252488483297
819,819.0,40.6529571268674,102.1346326607724
820,820.0,40.64550958476592,101.53024900566021
821,821.0,40.64051244115505,100.92937901368191
822,822.0,40.63795050442439,100.33202714466495
823,823.0,40.637809009187485,99.73819724093613
824,824.0,40.64007361007901,99.14789254384777
825,825.0,40.644730375652884,98.56111570997764
826,826.0,40.65176578238072,97.97786882700773
827,827.0,40.66116670874958,97.39815342928688
828,828.0,40.67292042945826,96.82197051308248
829,829.0,40.68701460971101,96.24932055152598
830,830.0,40.70343729960784,95.68020350925748
831,831.0,40.72217692863029,95.11461885677417
832,832.0,40.743222300221575,94.55256558448768
833,833.0,40.766562586460154,93.99404221649525
834,834.0,40.79218732282546,93.43904682406951
835,835.0,40.82008640305477,92.88757703887183
836,836.0,40.850250074089985,92.33963006589391
837,837.0,40.88266893111315,91.79520269613258
838,838.0,40.91733391266959,91.25429131900216
839,839.0,40.954236295877365,90.71689193448961
840,840.0,40.99336769172188,90.18300016505644
841,841.0,41.03472004043441,89.6526112672926
842,842.0,41.07828560695329,89.12572014332638
843,843.0,41.124056976466505,88.60232135199509
844,844.0,41.17202705003452,88.08240911978086
845,845.0,41.22218904029193,87.56597735151597
846,846.0,41.274536467226824,87.05301964086196
847,847.0,41.32906315403653,86.5435292805669
848,848.0,41.38576322305844,86.03749927250499
849,849.0,41.44463109177474,85.53492233750264
850,850.0,41.50566146888968,85.03579092495517
851,851.0,41.56884935047822,84.54009722223819
852,852.0,41.634190016204684,84.04783316391762
853,853.0,41.70167902561028,83.55899044076237
854,854.0,41.771312214468125,83.0735605085635
855,855.0,41.84308569120456,82.59153459676371
856,856.0,41.91699583338556,82.11290371690099
857,857.0,41.99303928426697,81.63765867087011
858,858.0,42.07121294940722,81.16579005900557
859,859.0,42.151513993341524,80.69728828798979
860,860.0,42.23393983631613,80.23214357858987
861,861.0,42.318488151081496,79.77034597322663
862,862.0,42.40515685974319,79.31188534337926
863,863.0,42.4939441306693,78.85675139682901
864,864.0,42.58484837545317,78.40493368474532
865,865.0,42.67786824593025,77.95642160861749
866,866.0,42.77300263124793,77.51120442703545
867,867.0,42.87025065498717,77.06927126232247
868,868.0,42.96961167233475,76.63061110702319
869,869.0,43.07108526730503,76.19521283024987
870,870.0,43.17467125001006,75.76306518389016
871,871.0,43.28036965397686,75.33415680867898
872,872.0,43.38818073351088,74.90847624013782
873,873.0,43.498104961104325,74.48601191438408
874,874.0,43.61014302488848,74.06675217381347
875,875.0,43.724295826128696,73.65068527265811
876,876.0,43.840564476761124,73.23779938242316
877,877.0,43.95895029697004,72.82808259720466
878,878.0,44.079454812804684,72.42152293889113
879,879.0,44.20207975383462,72.01810836225175
880,880.0,44.32682705084243,71.61782675991346
881,881.0,44.453698833552856,71.22066596722956
882,882.0,44.58269742839718,70.8266137670424
883,883.0,44.71382535631198,70.43565789434236
884,884.0,44.84708533057108,70.04778604082573
885,885.0,44.98248025464982,69.66298585935371
886,886.0,45.12001322012047,69.28124496831488
887,887.0,45.25968750457797,68.90255095589336
888,888.0,45.401506569594844,68.52689138424495
889,889.0,45.545474058704386,68.15425379358342
890,890.0,45.691593795411094,67.78462570617903
891,891.0,45.839869781227385,67.41799463027151
892,892.0,45.99030619373561,67.0543480638995
893,893.0,46.14290738467444,66.6936734986485
894,894.0,46.297677878048546,66.33595842331933
895,895.0,46.454622368260814,65.98119032751916
896,896.0,46.61374571826592,65.62935670517689
897,897.0,46.77505295774444,65.28044505798492
898,898.0,46.938549281296595,64.93444289876912
899,899.0,47.104240046654525,64.59133775478887
900,900.0,47.27213077291233,64.25111717096893
901,901.0,47.4422271387728,63.913768713065004
902,902.0,47.61453498081003,63.57927997076469
903,903.0,47.78906029174687,63.24763856072549
904,904.0,47.96580921874639,62.91883212955173
905,905.0,48.144788061716305,62.59284835671185
906,906.0,48.326003271625616,62.26967495739785
907,907.0,48.509461448832354,61.94929968532849
908,908.0,48.69516934142165,61.63171033549775
909,909.0,48.88313384355311,61.31689474687014
910,910.0,49.07336199381664,61.00484080502446
911,911.0,49.265860973595764,60.69553644474741
912,912.0,49.460638105437546,60.38896965257867
913,913.0,49.65770085142813,60.08512846930874
914,914.0,49.85705681157306,59.784000992431146
915,915.0,50.058713722181366,59.48557537855032
916,916.0,50.26267945425258,59.18983984574664
917,917.0,50.468962011865656,58.896782675899885
918,918.0,50.67756953056896,58.60639221697261
919,919.0,50.8885102757703,58.31865688525461
920,920.0,51.101792641126124,58.033565167569975
921,921.0,51.317425146928926,57.75110562344786
922,922.0,51.535416438491914,57.471266887258366
923,923.0,51.75577528452996,57.194037670314714
924,924.0,51.978510575535935,56.91940676294306
925,925.0,52.20363132215141,56.647363036521064
926,926.0,52.431146653530796,56.37789544548645
927,927.0,52.661065815697924,56.11099302931687
928,928.0,52.89339816989411,55.84664491448207
929,929.0,53.128153190916706,55.58484031636964
930,930.0,53.36534046544712,55.32556854118553
931,931.0,53.604969690367376,55.06881898783031
932,932.0,53.84705067106411,54.814581149752485
933,933.0,54.091593319719074,54.562844616779856
934,934.0,54.338607653585036,54.313599076930096
935,935.0,54.58810379324614,54.06683431820155
936,936.0,54.84009196086158,53.82254023034543
937,937.0,55.0945824783916,53.58070680662037
938,938.0,55.351585765804735,53.3413241455305
939,939.0,55.61111233926519,53.104382452548
940,940.0,55.873172809299334,52.86987204182121
941,941.0,56.13777787894012,52.63778333786928
942,942.0,56.40493834184841,52.40810687726446
943,943.0,56.67466508040998,52.180833310302944
944,944.0,56.946969063807174,51.95595340266532
945,945.0,57.22186134606397,51.73345803706762
946,946.0,57.4993530640633,51.5133382149039
947,947.0,57.77945543553553,51.29558505788141
948,948.0,58.06217975701676,51.0801898096493
949,949.0,58.347537401775824,50.86714383742175
950,950.0,58.63553981770879,50.65643863359662
951,951.0,58.9261985251996,50.44806581737045
952,952.0,59.2195251149457,50.24201713635084
953,953.0,59.51553124574728,50.03828446816713
954,954.0,59.81422864225897,49.8368598220803
955,955.0,60.115629092702434,49.637735340593096
956,956.0,60.419744446538836,49.44090330106121
957,957.0,60.72658661209952,49.24635611730656
958,958.0,61.03616755417372,49.0540863412335
959,959.0,61.348499291551875,48.86408666444898
960,960.0,61.66359389452299,48.676349919887514
961,961.0,61.98146348232482,48.49086908344186
962,962.0,62.30212022054524,48.30763727560044
963,963.0,62.62557631847337,48.12664776309234
964,964.0,62.951844026398966,47.947893960540796
965,965.0,63.280935632858494,47.77136943212614
966,966.0,63.61286346182638,47.59706789325912
967,967.0,63.94763986984979,47.42498321226548
968,968.0,64.28527724312538,47.25510941208277
969,969.0,64.62578799451632,47.08744067197025
970,970.0,64.96918456050801,46.92197132923292
971,971.0,65.3154793981007,46.75869588096044
972,972.0,65.66468498163734,46.597608985782045
973,973.0,66.01681379956484,46.43870546563827
974,974.0,66.3718783511272,46.281980307570464
975,975.0,66.72989114298825,46.12742866552901
976,976.0,67.09086468578266,45.975045862201256
977,977.0,67.45481149059293,45.82482739085999
978,978.0,67.8217440653507,45.67676891723352
979,979.0,68.19167491116036,45.530866281398254
980,980.0,68.56461651854296,45.38711549969476
981,981.0,68.94058136359845,45.24551276666822
982,982.0,69.3195819040842,45.106054457034354
983,983.0,69.70163057540769,44.968737127671666
984,984.0,70.08673978653127,44.83355751964107
985,985.0,70.47492191578688,44.700512560233854
986,986.0,70.86618930659844,44.56959936504901
987,987.0,71.2605542631098,44.44081524010083
988,988.0,71.65802904571582,44.314157683957916
989,989.0,72.0586258664945,44.18962438991448
990,990.0,72.46235688453753,44.067213248195046
991,991.0,72.86923420117715,43.946922348193546
992,992.0,73.27926985510666,43.82874998074783
993,993.0,73.69247581739225,43.71269464045066
994,994.0,74.10886398637355,43.59875502799819
995,995.0,74.52844618245038,43.48693005257709
996,996.0,74.95123414275308,43.37721883429122
997,997.0,75.37723951569374,43.269620706629105
998,998.0,75.80647385539574,43.164135218973136
999,999.0,76.23894861599862,43.06076213915169
